file,import_type,module
C:\Users\jusin\OneDrive\Documents\Custom Office Templates\tmp_internal_rc_package\button3_official_result_runtime_rc_v1\runtime\app.py,import,sys
C:\Users\jusin\OneDrive\Documents\Custom Office Templates\tmp_internal_rc_package\button3_official_result_runtime_rc_v1\runtime\app.py,import,os
C:\Users\jusin\OneDrive\Documents\Custom Office Templates\tmp_internal_rc_package\button3_official_result_runtime_rc_v1\runtime\app.py,import,re
C:\Users\jusin\OneDrive\Documents\Custom Office Templates\tmp_internal_rc_package\button3_official_result_runtime_rc_v1\runtime\app.py,import,json
C:\Users\jusin\OneDrive\Documents\Custom Office Templates\tmp_internal_rc_package\button3_official_result_runtime_rc_v1\runtime\app.py,from,datetime
C:\Users\jusin\OneDrive\Documents\Custom Office Templates\tmp_internal_rc_package\button3_official_result_runtime_rc_v1\runtime\app.py,from,datetime
C:\Users\jusin\OneDrive\Documents\Custom Office Templates\tmp_internal_rc_package\button3_official_result_runtime_rc_v1\runtime\app.py,import,uuid
C:\Users\jusin\OneDrive\Documents\Custom Office Templates\tmp_internal_rc_package\button3_official_result_runtime_rc_v1\runtime\app.py,from,urllib.parse
C:\Users\jusin\OneDrive\Documents\Custom Office Templates\tmp_internal_rc_package\button3_official_result_runtime_rc_v1\runtime\app.py,from,urllib.parse
C:\Users\jusin\OneDrive\Documents\Custom Office Templates\tmp_internal_rc_package\button3_official_result_runtime_rc_v1\runtime\app.py,from,flask
C:\Users\jusin\OneDrive\Documents\Custom Office Templates\tmp_internal_rc_package\button3_official_result_runtime_rc_v1\runtime\app.py,from,button3_auto_result_source_yield_live_executor_preview
C:\Users\jusin\OneDrive\Documents\Custom Office Templates\tmp_internal_rc_package\button3_official_result_runtime_rc_v1\runtime\app.py,from,operator_dashboard.local_ai_orchestrator_input_context_pack
C:\Users\jusin\OneDrive\Documents\Custom Office Templates\tmp_internal_rc_package\button3_official_result_runtime_rc_v1\runtime\app.py,from,operator_dashboard.local_ai_orchestrator_readonly_runtime_context_loader
C:\Users\jusin\OneDrive\Documents\Custom Office Templates\tmp_internal_rc_package\button3_official_result_runtime_rc_v1\runtime\app.py,from,operator_dashboard.local_ai_orchestrator_job_schema
C:\Users\jusin\OneDrive\Documents\Custom Office Templates\tmp_internal_rc_package\button3_official_result_runtime_rc_v1\runtime\app.py,from,operator_dashboard.local_ai_orchestrator_gate1_save_fights_dry_run_apply_preview
C:\Users\jusin\OneDrive\Documents\Custom Office Templates\tmp_internal_rc_package\button3_official_result_runtime_rc_v1\runtime\app.py,from,operator_dashboard.local_ai_orchestrator_gate1_approved_save_writer
C:\Users\jusin\OneDrive\Documents\Custom Office Templates\tmp_internal_rc_package\button3_official_result_runtime_rc_v1\runtime\app.py,from,operator_dashboard.local_ai_orchestrator_workflow_plan
C:\Users\jusin\OneDrive\Documents\Custom Office Templates\tmp_internal_rc_package\button3_official_result_runtime_rc_v1\runtime\app.py,from,operator_dashboard.global_fighter_identity_resolver_preview
C:\Users\jusin\OneDrive\Documents\Custom Office Templates\tmp_internal_rc_package\button3_official_result_runtime_rc_v1\runtime\app.py,from,operator_dashboard.global_fighter_known_records_readonly_loader
C:\Users\jusin\OneDrive\Documents\Custom Office Templates\tmp_internal_rc_package\button3_official_result_runtime_rc_v1\runtime\app.py,from,operator_dashboard.button1_to_button2_readonly_dossier_handoff_preview
C:\Users\jusin\OneDrive\Documents\Custom Office Templates\tmp_internal_rc_package\button3_official_result_runtime_rc_v1\runtime\app.py,from,operator_dashboard.button2_readonly_dossier_handoff_ingest_preview
C:\Users\jusin\OneDrive\Documents\Custom Office Templates\tmp_internal_rc_package\button3_official_result_runtime_rc_v1\runtime\app.py,from,operator_dashboard.button2_dossier_handoff_report_context_preview
C:\Users\jusin\OneDrive\Documents\Custom Office Templates\tmp_internal_rc_package\button3_official_result_runtime_rc_v1\runtime\app.py,from,operator_dashboard.button2_report_generation_route_render_gate_integration_v1
C:\Users\jusin\OneDrive\Documents\Custom Office Templates\tmp_internal_rc_package\button3_official_result_runtime_rc_v1\runtime\app.py,from,operator_dashboard.button2_customer_flow_dry_run_contract_preview_v1
C:\Users\jusin\OneDrive\Documents\Custom Office Templates\tmp_internal_rc_package\button3_official_result_runtime_rc_v1\runtime\app.py,from,operator_dashboard.button2_pdf_output_root_config_v1
C:\Users\jusin\OneDrive\Documents\Custom Office Templates\tmp_internal_rc_package\button3_official_result_runtime_rc_v1\runtime\app.py,from,operator_dashboard.button2_template_pack_asset_renderer_v1
C:\Users\jusin\OneDrive\Documents\Custom Office Templates\tmp_internal_rc_package\button3_official_result_runtime_rc_v1\runtime\app.py,from,operator_dashboard.button3_result_comparison_preview_v1
C:\Users\jusin\OneDrive\Documents\Custom Office Templates\tmp_internal_rc_package\button3_official_result_runtime_rc_v1\runtime\app.py,from,operator_dashboard.button2_queue_loader_readonly_v1
C:\Users\jusin\OneDrive\Documents\Custom Office Templates\tmp_internal_rc_package\button3_official_result_runtime_rc_v1\runtime\app.py,from,operator_dashboard.button2_controlled_delivery_scaffold
C:\Users\jusin\OneDrive\Documents\Custom Office Templates\tmp_internal_rc_package\button3_official_result_runtime_rc_v1\runtime\app.py,from,pypdf
C:\Users\jusin\OneDrive\Documents\Custom Office Templates\tmp_internal_rc_package\button3_official_result_runtime_rc_v1\runtime\app.py,from,reportlab.lib.pagesizes
C:\Users\jusin\OneDrive\Documents\Custom Office Templates\tmp_internal_rc_package\button3_official_result_runtime_rc_v1\runtime\app.py,from,reportlab.pdfgen
C:\Users\jusin\OneDrive\Documents\Custom Office Templates\tmp_internal_rc_package\button3_official_result_runtime_rc_v1\runtime\app.py,import,weasyprint
C:\Users\jusin\OneDrive\Documents\Custom Office Templates\tmp_internal_rc_package\button3_official_result_runtime_rc_v1\runtime\app.py,import,json
C:\Users\jusin\OneDrive\Documents\Custom Office Templates\tmp_internal_rc_package\button3_official_result_runtime_rc_v1\runtime\app.py,from,operator_dashboard.local_ai_orchestrator_gate1_save_storage_adapter
C:\Users\jusin\OneDrive\Documents\Custom Office Templates\tmp_internal_rc_package\button3_official_result_runtime_rc_v1\runtime\button3_auto_result_source_yield_live_executor_preview.py,from,button3_improved_source_yield_engine
C:\Users\jusin\OneDrive\Documents\Custom Office Templates\tmp_internal_rc_package\button3_official_result_runtime_rc_v1\runtime\button3_improved_source_yield_engine.py,import,re
C:\Users\jusin\OneDrive\Documents\Custom Office Templates\tmp_internal_rc_package\button3_official_result_runtime_rc_v1\runtime\button3_improved_source_yield_engine.py,import,unicodedata
C:\Users\jusin\OneDrive\Documents\Custom Office Templates\tmp_internal_rc_package\button3_official_result_runtime_rc_v1\runtime\button3_improved_source_yield_engine.py,from,datetime
C:\Users\jusin\OneDrive\Documents\Custom Office Templates\tmp_internal_rc_package\button3_official_result_runtime_rc_v1\runtime\button3_result_comparison_preview_v1.py,from,datetime
C:\Users\jusin\OneDrive\Documents\Custom Office Templates\tmp_internal_rc_package\button3_official_result_runtime_rc_v1\runtime\button3_result_comparison_preview_v1.py,from,typing
C:\Users\jusin\OneDrive\Documents\Custom Office Templates\tmp_internal_rc_package\button3_official_result_runtime_rc_v1\runtime\operator_dashboard\approved_combat_sport_source_registry.py,from,__future__
C:\Users\jusin\OneDrive\Documents\Custom Office Templates\tmp_internal_rc_package\button3_official_result_runtime_rc_v1\runtime\operator_dashboard\approved_combat_sport_source_registry.py,import,copy
C:\Users\jusin\OneDrive\Documents\Custom Office Templates\tmp_internal_rc_package\button3_official_result_runtime_rc_v1\runtime\operator_dashboard\approved_combat_sport_source_registry.py,import,re
C:\Users\jusin\OneDrive\Documents\Custom Office Templates\tmp_internal_rc_package\button3_official_result_runtime_rc_v1\runtime\operator_dashboard\approved_combat_sport_source_registry.py,from,dataclasses
C:\Users\jusin\OneDrive\Documents\Custom Office Templates\tmp_internal_rc_package\button3_official_result_runtime_rc_v1\runtime\operator_dashboard\approved_combat_sport_source_registry.py,from,typing
C:\Users\jusin\OneDrive\Documents\Custom Office Templates\tmp_internal_rc_package\button3_official_result_runtime_rc_v1\runtime\operator_dashboard\approved_combat_sport_source_registry.py,from,urllib.parse
C:\Users\jusin\OneDrive\Documents\Custom Office Templates\tmp_internal_rc_package\button3_official_result_runtime_rc_v1\runtime\operator_dashboard\button1_approved_provider_config_registration_v1.py,from,__future__
C:\Users\jusin\OneDrive\Documents\Custom Office Templates\tmp_internal_rc_package\button3_official_result_runtime_rc_v1\runtime\operator_dashboard\button1_approved_provider_config_registration_v1.py,import,json
C:\Users\jusin\OneDrive\Documents\Custom Office Templates\tmp_internal_rc_package\button3_official_result_runtime_rc_v1\runtime\operator_dashboard\button1_approved_provider_config_registration_v1.py,import,os
C:\Users\jusin\OneDrive\Documents\Custom Office Templates\tmp_internal_rc_package\button3_official_result_runtime_rc_v1\runtime\operator_dashboard\button1_approved_provider_config_registration_v1.py,from,typing
C:\Users\jusin\OneDrive\Documents\Custom Office Templates\tmp_internal_rc_package\button3_official_result_runtime_rc_v1\runtime\operator_dashboard\button1_approved_provider_config_registration_v1.py,from,operator_dashboard.button1_approved_provider_config_validator_v1
C:\Users\jusin\OneDrive\Documents\Custom Office Templates\tmp_internal_rc_package\button3_official_result_runtime_rc_v1\runtime\operator_dashboard\button1_approved_provider_config_validator_v1.py,from,__future__
C:\Users\jusin\OneDrive\Documents\Custom Office Templates\tmp_internal_rc_package\button3_official_result_runtime_rc_v1\runtime\operator_dashboard\button1_approved_provider_config_validator_v1.py,import,json
C:\Users\jusin\OneDrive\Documents\Custom Office Templates\tmp_internal_rc_package\button3_official_result_runtime_rc_v1\runtime\operator_dashboard\button1_approved_provider_config_validator_v1.py,import,os
C:\Users\jusin\OneDrive\Documents\Custom Office Templates\tmp_internal_rc_package\button3_official_result_runtime_rc_v1\runtime\operator_dashboard\button1_approved_provider_config_validator_v1.py,from,datetime
C:\Users\jusin\OneDrive\Documents\Custom Office Templates\tmp_internal_rc_package\button3_official_result_runtime_rc_v1\runtime\operator_dashboard\button1_approved_provider_config_validator_v1.py,from,typing
C:\Users\jusin\OneDrive\Documents\Custom Office Templates\tmp_internal_rc_package\button3_official_result_runtime_rc_v1\runtime\operator_dashboard\button1_auto_discovery_readiness_ranking_v1.py,from,__future__
C:\Users\jusin\OneDrive\Documents\Custom Office Templates\tmp_internal_rc_package\button3_official_result_runtime_rc_v1\runtime\operator_dashboard\button1_auto_discovery_readiness_ranking_v1.py,from,datetime
C:\Users\jusin\OneDrive\Documents\Custom Office Templates\tmp_internal_rc_package\button3_official_result_runtime_rc_v1\runtime\operator_dashboard\button1_auto_discovery_readiness_ranking_v1.py,from,typing
C:\Users\jusin\OneDrive\Documents\Custom Office Templates\tmp_internal_rc_package\button3_official_result_runtime_rc_v1\runtime\operator_dashboard\button1_auto_discovery_readiness_ranking_v1.py,from,operator_dashboard.approved_combat_sport_source_registry
C:\Users\jusin\OneDrive\Documents\Custom Office Templates\tmp_internal_rc_package\button3_official_result_runtime_rc_v1\runtime\operator_dashboard\button1_config_registration_to_orchestrator_registry_adapter_v1.py,from,__future__
C:\Users\jusin\OneDrive\Documents\Custom Office Templates\tmp_internal_rc_package\button3_official_result_runtime_rc_v1\runtime\operator_dashboard\button1_config_registration_to_orchestrator_registry_adapter_v1.py,from,typing
C:\Users\jusin\OneDrive\Documents\Custom Office Templates\tmp_internal_rc_package\button3_official_result_runtime_rc_v1\runtime\operator_dashboard\button1_live_source_provider_orchestrator_v1.py,from,__future__
C:\Users\jusin\OneDrive\Documents\Custom Office Templates\tmp_internal_rc_package\button3_official_result_runtime_rc_v1\runtime\operator_dashboard\button1_live_source_provider_orchestrator_v1.py,from,datetime
C:\Users\jusin\OneDrive\Documents\Custom Office Templates\tmp_internal_rc_package\button3_official_result_runtime_rc_v1\runtime\operator_dashboard\button1_live_source_provider_orchestrator_v1.py,from,typing
C:\Users\jusin\OneDrive\Documents\Custom Office Templates\tmp_internal_rc_package\button3_official_result_runtime_rc_v1\runtime\operator_dashboard\button1_provider_adapter_execution_gate_v1.py,from,__future__
C:\Users\jusin\OneDrive\Documents\Custom Office Templates\tmp_internal_rc_package\button3_official_result_runtime_rc_v1\runtime\operator_dashboard\button1_provider_adapter_execution_gate_v1.py,from,datetime
C:\Users\jusin\OneDrive\Documents\Custom Office Templates\tmp_internal_rc_package\button3_official_result_runtime_rc_v1\runtime\operator_dashboard\button1_provider_adapter_execution_gate_v1.py,from,typing
C:\Users\jusin\OneDrive\Documents\Custom Office Templates\tmp_internal_rc_package\button3_official_result_runtime_rc_v1\runtime\operator_dashboard\button3_result_comparison_preview_v1.py,from,datetime
C:\Users\jusin\OneDrive\Documents\Custom Office Templates\tmp_internal_rc_package\button3_official_result_runtime_rc_v1\runtime\operator_dashboard\button3_result_comparison_preview_v1.py,from,typing
C:\Users\jusin\OneDrive\Documents\Custom Office Templates\tmp_internal_rc_package\button3_official_result_runtime_rc_v1\runtime\operator_dashboard\local_ai_orchestrator_engine_adapter_registry.py,from,__future__
C:\Users\jusin\OneDrive\Documents\Custom Office Templates\tmp_internal_rc_package\button3_official_result_runtime_rc_v1\runtime\operator_dashboard\local_ai_orchestrator_engine_adapter_registry.py,from,dataclasses
C:\Users\jusin\OneDrive\Documents\Custom Office Templates\tmp_internal_rc_package\button3_official_result_runtime_rc_v1\runtime\operator_dashboard\local_ai_orchestrator_engine_adapter_registry.py,from,typing
C:\Users\jusin\OneDrive\Documents\Custom Office Templates\tmp_internal_rc_package\button3_official_result_runtime_rc_v1\runtime\operator_dashboard\local_ai_orchestrator_engine_adapter_registry.py,from,operator_dashboard.local_ai_orchestrator_job_schema
C:\Users\jusin\OneDrive\Documents\Custom Office Templates\tmp_internal_rc_package\button3_official_result_runtime_rc_v1\runtime\operator_dashboard\local_ai_orchestrator_engine_adapter_registry.py,from,operator_dashboard.button3_auto_result_source_yield_live_executor_preview
C:\Users\jusin\OneDrive\Documents\Custom Office Templates\tmp_internal_rc_package\button3_official_result_runtime_rc_v1\runtime\operator_dashboard\local_ai_orchestrator_engine_adapter_registry.py,from,button3_auto_result_source_yield_live_executor_preview
C:\Users\jusin\OneDrive\Documents\Custom Office Templates\tmp_internal_rc_package\button3_official_result_runtime_rc_v1\runtime\operator_dashboard\local_ai_orchestrator_input_context_pack.py,from,__future__
C:\Users\jusin\OneDrive\Documents\Custom Office Templates\tmp_internal_rc_package\button3_official_result_runtime_rc_v1\runtime\operator_dashboard\local_ai_orchestrator_input_context_pack.py,from,dataclasses
C:\Users\jusin\OneDrive\Documents\Custom Office Templates\tmp_internal_rc_package\button3_official_result_runtime_rc_v1\runtime\operator_dashboard\local_ai_orchestrator_input_context_pack.py,import,json
C:\Users\jusin\OneDrive\Documents\Custom Office Templates\tmp_internal_rc_package\button3_official_result_runtime_rc_v1\runtime\operator_dashboard\local_ai_orchestrator_input_context_pack.py,from,typing
C:\Users\jusin\OneDrive\Documents\Custom Office Templates\tmp_internal_rc_package\button3_official_result_runtime_rc_v1\runtime\operator_dashboard\local_ai_orchestrator_input_context_pack.py,from,operator_dashboard.local_ai_orchestrator_job_schema
C:\Users\jusin\OneDrive\Documents\Custom Office Templates\tmp_internal_rc_package\button3_official_result_runtime_rc_v1\runtime\operator_dashboard\local_ai_orchestrator_job_schema.py,from,__future__
C:\Users\jusin\OneDrive\Documents\Custom Office Templates\tmp_internal_rc_package\button3_official_result_runtime_rc_v1\runtime\operator_dashboard\local_ai_orchestrator_job_schema.py,from,dataclasses
C:\Users\jusin\OneDrive\Documents\Custom Office Templates\tmp_internal_rc_package\button3_official_result_runtime_rc_v1\runtime\operator_dashboard\local_ai_orchestrator_job_schema.py,from,datetime
C:\Users\jusin\OneDrive\Documents\Custom Office Templates\tmp_internal_rc_package\button3_official_result_runtime_rc_v1\runtime\operator_dashboard\local_ai_orchestrator_job_schema.py,import,json
C:\Users\jusin\OneDrive\Documents\Custom Office Templates\tmp_internal_rc_package\button3_official_result_runtime_rc_v1\runtime\operator_dashboard\local_ai_orchestrator_job_schema.py,import,uuid
C:\Users\jusin\OneDrive\Documents\Custom Office Templates\tmp_internal_rc_package\button3_official_result_runtime_rc_v1\runtime\operator_dashboard\local_ai_orchestrator_job_schema.py,from,typing
C:\Users\jusin\OneDrive\Documents\Custom Office Templates\tmp_internal_rc_package\button3_official_result_runtime_rc_v1\runtime\operator_dashboard\local_ai_orchestrator_preview_runner.py,from,__future__
C:\Users\jusin\OneDrive\Documents\Custom Office Templates\tmp_internal_rc_package\button3_official_result_runtime_rc_v1\runtime\operator_dashboard\local_ai_orchestrator_preview_runner.py,from,dataclasses
C:\Users\jusin\OneDrive\Documents\Custom Office Templates\tmp_internal_rc_package\button3_official_result_runtime_rc_v1\runtime\operator_dashboard\local_ai_orchestrator_preview_runner.py,from,datetime
C:\Users\jusin\OneDrive\Documents\Custom Office Templates\tmp_internal_rc_package\button3_official_result_runtime_rc_v1\runtime\operator_dashboard\local_ai_orchestrator_preview_runner.py,from,typing
C:\Users\jusin\OneDrive\Documents\Custom Office Templates\tmp_internal_rc_package\button3_official_result_runtime_rc_v1\runtime\operator_dashboard\local_ai_orchestrator_preview_runner.py,from,operator_dashboard.local_ai_orchestrator_engine_adapter_registry
C:\Users\jusin\OneDrive\Documents\Custom Office Templates\tmp_internal_rc_package\button3_official_result_runtime_rc_v1\runtime\operator_dashboard\local_ai_orchestrator_preview_runner.py,from,operator_dashboard.local_ai_orchestrator_job_schema
C:\Users\jusin\OneDrive\Documents\Custom Office Templates\tmp_internal_rc_package\button3_official_result_runtime_rc_v1\runtime\operator_dashboard\local_ai_orchestrator_readonly_runtime_context_loader.py,from,__future__
C:\Users\jusin\OneDrive\Documents\Custom Office Templates\tmp_internal_rc_package\button3_official_result_runtime_rc_v1\runtime\operator_dashboard\local_ai_orchestrator_readonly_runtime_context_loader.py,import,csv
C:\Users\jusin\OneDrive\Documents\Custom Office Templates\tmp_internal_rc_package\button3_official_result_runtime_rc_v1\runtime\operator_dashboard\local_ai_orchestrator_readonly_runtime_context_loader.py,import,json
C:\Users\jusin\OneDrive\Documents\Custom Office Templates\tmp_internal_rc_package\button3_official_result_runtime_rc_v1\runtime\operator_dashboard\local_ai_orchestrator_readonly_runtime_context_loader.py,import,os
C:\Users\jusin\OneDrive\Documents\Custom Office Templates\tmp_internal_rc_package\button3_official_result_runtime_rc_v1\runtime\operator_dashboard\local_ai_orchestrator_readonly_runtime_context_loader.py,import,re
C:\Users\jusin\OneDrive\Documents\Custom Office Templates\tmp_internal_rc_package\button3_official_result_runtime_rc_v1\runtime\operator_dashboard\local_ai_orchestrator_readonly_runtime_context_loader.py,import,time
C:\Users\jusin\OneDrive\Documents\Custom Office Templates\tmp_internal_rc_package\button3_official_result_runtime_rc_v1\runtime\operator_dashboard\local_ai_orchestrator_readonly_runtime_context_loader.py,from,datetime
C:\Users\jusin\OneDrive\Documents\Custom Office Templates\tmp_internal_rc_package\button3_official_result_runtime_rc_v1\runtime\operator_dashboard\local_ai_orchestrator_readonly_runtime_context_loader.py,from,typing
C:\Users\jusin\OneDrive\Documents\Custom Office Templates\tmp_internal_rc_package\button3_official_result_runtime_rc_v1\runtime\operator_dashboard\local_ai_orchestrator_readonly_runtime_context_loader.py,from,operator_dashboard.local_ai_orchestrator_input_context_pack
C:\Users\jusin\OneDrive\Documents\Custom Office Templates\tmp_internal_rc_package\button3_official_result_runtime_rc_v1\runtime\operator_dashboard\local_ai_orchestrator_readonly_runtime_context_loader.py,from,operator_dashboard.button1_auto_discovery_readiness_ranking_v1
C:\Users\jusin\OneDrive\Documents\Custom Office Templates\tmp_internal_rc_package\button3_official_result_runtime_rc_v1\runtime\operator_dashboard\local_ai_orchestrator_readonly_runtime_context_loader.py,from,operator_dashboard.button1_live_source_provider_orchestrator_v1
C:\Users\jusin\OneDrive\Documents\Custom Office Templates\tmp_internal_rc_package\button3_official_result_runtime_rc_v1\runtime\operator_dashboard\local_ai_orchestrator_readonly_runtime_context_loader.py,from,operator_dashboard.button1_approved_provider_config_registration_v1
C:\Users\jusin\OneDrive\Documents\Custom Office Templates\tmp_internal_rc_package\button3_official_result_runtime_rc_v1\runtime\operator_dashboard\local_ai_orchestrator_readonly_runtime_context_loader.py,from,operator_dashboard.button1_config_registration_to_orchestrator_registry_adapter_v1
C:\Users\jusin\OneDrive\Documents\Custom Office Templates\tmp_internal_rc_package\button3_official_result_runtime_rc_v1\runtime\operator_dashboard\local_ai_orchestrator_readonly_runtime_context_loader.py,from,operator_dashboard.button1_provider_adapter_execution_gate_v1
C:\Users\jusin\OneDrive\Documents\Custom Office Templates\tmp_internal_rc_package\button3_official_result_runtime_rc_v1\runtime\operator_dashboard\local_ai_orchestrator_workflow_plan.py,from,__future__
C:\Users\jusin\OneDrive\Documents\Custom Office Templates\tmp_internal_rc_package\button3_official_result_runtime_rc_v1\runtime\operator_dashboard\local_ai_orchestrator_workflow_plan.py,from,dataclasses
C:\Users\jusin\OneDrive\Documents\Custom Office Templates\tmp_internal_rc_package\button3_official_result_runtime_rc_v1\runtime\operator_dashboard\local_ai_orchestrator_workflow_plan.py,import,json
C:\Users\jusin\OneDrive\Documents\Custom Office Templates\tmp_internal_rc_package\button3_official_result_runtime_rc_v1\runtime\operator_dashboard\local_ai_orchestrator_workflow_plan.py,import,uuid
C:\Users\jusin\OneDrive\Documents\Custom Office Templates\tmp_internal_rc_package\button3_official_result_runtime_rc_v1\runtime\operator_dashboard\local_ai_orchestrator_workflow_plan.py,from,typing
C:\Users\jusin\OneDrive\Documents\Custom Office Templates\tmp_internal_rc_package\button3_official_result_runtime_rc_v1\runtime\operator_dashboard\local_ai_orchestrator_workflow_plan.py,from,operator_dashboard.local_ai_orchestrator_job_schema
C:\Users\jusin\OneDrive\Documents\Custom Office Templates\tmp_internal_rc_package\button3_official_result_runtime_rc_v1\runtime\operator_dashboard\local_ai_orchestrator_workflow_plan.py,from,operator_dashboard.local_ai_orchestrator_preview_runner
C:\Users\jusin\OneDrive\Documents\Custom Office Templates\tmp_internal_rc_package\button3_official_result_runtime_rc_v1\tests\test_button3_auto_result_source_yield_template_js_explicit_endpoint_wire_v1.py,import,sys
C:\Users\jusin\OneDrive\Documents\Custom Office Templates\tmp_internal_rc_package\button3_official_result_runtime_rc_v1\tests\test_button3_auto_result_source_yield_template_js_explicit_endpoint_wire_v1.py,import,re
C:\Users\jusin\OneDrive\Documents\Custom Office Templates\tmp_internal_rc_package\button3_official_result_runtime_rc_v1\tests\test_button3_auto_result_source_yield_template_js_explicit_endpoint_wire_v1.py,import,pytest
C:\Users\jusin\OneDrive\Documents\Custom Office Templates\tmp_internal_rc_package\button3_official_result_runtime_rc_v1\tests\test_button3_auto_result_source_yield_template_js_explicit_endpoint_wire_v1.py,from,operator_dashboard.app
C:\Users\jusin\OneDrive\Documents\Custom Office Templates\tmp_internal_rc_package\button3_official_result_runtime_rc_v1\tests\test_button3_result_comparison_controlled_preview_path_v1.py,import,pytest
C:\Users\jusin\OneDrive\Documents\Custom Office Templates\tmp_internal_rc_package\button3_official_result_runtime_rc_v1\tests\test_button3_result_comparison_controlled_preview_path_v1.py,from,unittest.mock
C:\Users\jusin\OneDrive\Documents\Custom Office Templates\tmp_internal_rc_package\button3_official_result_runtime_rc_v1\tests\test_button3_result_comparison_controlled_preview_path_v1.py,from,operator_dashboard.app
